<?xml version="1.0" encoding="UTF-8"?>
<System name="TCAS_IV_BC_MS7">
  <Parameters>
    <Parameter id="0" name="p0" type="0">
      <values>
        <value>0</value>
        <value>1</value>
      </values>
      <basechoices>
        <basechoice>0</basechoice>
      </basechoices>
      <invalidValues>
        <invalidValue>-1</invalidValue>
      </invalidValues>
    </Parameter>
    <Parameter id="1" name="p1" type="0">
      <values>
        <value>0</value>
        <value>1</value>
      </values>
      <basechoices>
        <basechoice>0</basechoice>
      </basechoices>
      <invalidValues />
    </Parameter>
    <Parameter id="2" name="p2" type="0">
      <values>
        <value>0</value>
        <value>1</value>
      </values>
      <basechoices>
        <basechoice>0</basechoice>
      </basechoices>
      <invalidValues />
    </Parameter>
    <Parameter id="3" name="p3" type="0">
      <values>
        <value>0</value>
        <value>1</value>
      </values>
      <basechoices>
        <basechoice>1</basechoice>
      </basechoices>
      <invalidValues />
    </Parameter>
    <Parameter id="4" name="p4" type="0">
      <values>
        <value>0</value>
        <value>1</value>
      </values>
      <basechoices>
        <basechoice>1</basechoice>
      </basechoices>
      <invalidValues />
    </Parameter>
    <Parameter id="5" name="p5" type="0">
      <values>
        <value>0</value>
        <value>1</value>
      </values>
      <basechoices>
        <basechoice>1</basechoice>
      </basechoices>
      <invalidValues />
    </Parameter>
    <Parameter id="6" name="p6" type="0">
      <values>
        <value>0</value>
        <value>1</value>
      </values>
      <basechoices>
        <basechoice>1</basechoice>
      </basechoices>
      <invalidValues />
    </Parameter>
    <Parameter id="7" name="p7" type="0">
      <values>
        <value>0</value>
        <value>1</value>
        <value>2</value>
      </values>
      <basechoices>
        <basechoice>0</basechoice>
        <basechoice>2</basechoice>
      </basechoices>
      <invalidValues />
    </Parameter>
    <Parameter id="8" name="p8" type="0">
      <values>
        <value>0</value>
        <value>1</value>
        <value>2</value>
      </values>
      <basechoices>
        <basechoice>1</basechoice>
        <basechoice>2</basechoice>
      </basechoices>
      <invalidValues />
    </Parameter>
    <Parameter id="9" name="p9" type="0">
      <values>
        <value>0</value>
        <value>1</value>
        <value>2</value>
        <value>3</value>
      </values>
      <basechoices>
        <basechoice>3</basechoice>
      </basechoices>
      <invalidValues>
        <invalidValue>-1</invalidValue>
      </invalidValues>
    </Parameter>
    <Parameter id="10" name="p10" type="0">
      <values>
        <value>0</value>
        <value>1</value>
        <value>2</value>
        <value>3</value>
        <value>4</value>
        <value>5</value>
        <value>6</value>
        <value>7</value>
        <value>8</value>
        <value>9</value>
      </values>
      <basechoices>
        <basechoice>0</basechoice>
        <basechoice>1</basechoice>
      </basechoices>
      <invalidValues />
    </Parameter>
    <Parameter id="11" name="p11" type="0">
      <values>
        <value>0</value>
        <value>1</value>
        <value>2</value>
        <value>3</value>
        <value>4</value>
        <value>5</value>
        <value>6</value>
        <value>7</value>
        <value>8</value>
        <value>9</value>
      </values>
      <basechoices>
        <basechoice>0</basechoice>
        <basechoice>1</basechoice>
        <basechoice>2</basechoice>
      </basechoices>
      <invalidValues />
    </Parameter>
  </Parameters>
  <OutputParameters />
  <Relations>
    <Relation Strength="3" Default="false">
      <Parameter name="p0">
        <value>0</value>
        <value>1</value>
      </Parameter>
      <Parameter name="p9">
        <value>0</value>
        <value>1</value>
        <value>2</value>
        <value>3</value>
      </Parameter>
      <Parameter name="p10">
        <value>0</value>
        <value>1</value>
        <value>2</value>
        <value>3</value>
        <value>4</value>
        <value>5</value>
        <value>6</value>
        <value>7</value>
        <value>8</value>
        <value>9</value>
      </Parameter>
    </Relation>
    <Relation Strength="3" Default="false">
      <Parameter name="p0">
        <value>0</value>
        <value>1</value>
      </Parameter>
      <Parameter name="p3">
        <value>0</value>
        <value>1</value>
      </Parameter>
      <Parameter name="p6">
        <value>0</value>
        <value>1</value>
      </Parameter>
      <Parameter name="p7">
        <value>0</value>
        <value>1</value>
        <value>2</value>
      </Parameter>
      <Parameter name="p9">
        <value>0</value>
        <value>1</value>
        <value>2</value>
        <value>3</value>
      </Parameter>
      <Parameter name="p10">
        <value>0</value>
        <value>1</value>
        <value>2</value>
        <value>3</value>
        <value>4</value>
        <value>5</value>
        <value>6</value>
        <value>7</value>
        <value>8</value>
        <value>9</value>
      </Parameter>
    </Relation>
    <Relation Strength="2" Default="false">
      <Parameter name="p9">
        <value>0</value>
        <value>1</value>
        <value>2</value>
        <value>3</value>
      </Parameter>
      <Parameter name="p10">
        <value>0</value>
        <value>1</value>
        <value>2</value>
        <value>3</value>
        <value>4</value>
        <value>5</value>
        <value>6</value>
        <value>7</value>
        <value>8</value>
        <value>9</value>
      </Parameter>
    </Relation>
    <Relation Strength="1" Default="false">
      <Parameter name="p9">
        <value>0</value>
        <value>1</value>
        <value>2</value>
        <value>3</value>
      </Parameter>
    </Relation>
    <Relation Strength="7" Default="false">
      <Parameter name="p0">
        <value>0</value>
        <value>1</value>
      </Parameter>
      <Parameter name="p1">
        <value>0</value>
        <value>1</value>
      </Parameter>
      <Parameter name="p2">
        <value>0</value>
        <value>1</value>
      </Parameter>
      <Parameter name="p3">
        <value>0</value>
        <value>1</value>
      </Parameter>
      <Parameter name="p4">
        <value>0</value>
        <value>1</value>
      </Parameter>
      <Parameter name="p5">
        <value>0</value>
        <value>1</value>
      </Parameter>
      <Parameter name="p6">
        <value>0</value>
        <value>1</value>
      </Parameter>
      <Parameter name="p7">
        <value>0</value>
        <value>1</value>
        <value>2</value>
      </Parameter>
      <Parameter name="p8">
        <value>0</value>
        <value>1</value>
        <value>2</value>
      </Parameter>
      <Parameter name="p9">
        <value>0</value>
        <value>1</value>
        <value>2</value>
        <value>3</value>
      </Parameter>
    </Relation>
    <Relation Strength="3" Default="false">
      <Parameter name="p3">
        <value>0</value>
        <value>1</value>
      </Parameter>
      <Parameter name="p4">
        <value>0</value>
        <value>1</value>
      </Parameter>
      <Parameter name="p5">
        <value>0</value>
        <value>1</value>
      </Parameter>
      <Parameter name="p6">
        <value>0</value>
        <value>1</value>
      </Parameter>
      <Parameter name="p7">
        <value>0</value>
        <value>1</value>
        <value>2</value>
      </Parameter>
    </Relation>
  </Relations>
  <Constraints>
    <Constraint text="!(p3 = 0 &amp;&amp; p6 = 1 )">
      <Parameters>
        <Parameter name="p3" />
        <Parameter name="p6" />
      </Parameters>
    </Constraint>
    <Constraint text="!(p7 = 0 &amp;&amp; p0 = 0 )">
      <Parameters>
        <Parameter name="p7" />
        <Parameter name="p0" />
      </Parameters>
    </Constraint>
    <Constraint text="!(p6 = 0 &amp;&amp; p0 = 1 )">
      <Parameters>
        <Parameter name="p6" />
        <Parameter name="p0" />
      </Parameters>
    </Constraint>
  </Constraints>
</System>

